{"movement_speed":70.0,"camera_position":{"x":-27.55886459350586,"y":42.29971694946289,"z":-98.06340789794922},"camera_rotation":{"x":-23.100011825561525,"y":87.29998779296875,"z":0.0},"movement_speed_slow_multiplier":0.05000000074505806}