{"movement_speed":70.0,"camera_position":{"x":-111.31401062011719,"y":28.908517837524415,"z":90.25586700439453},"camera_rotation":{"x":-7.000091075897217,"y":-31.650009155273439,"z":0.0},"movement_speed_slow_multiplier":0.05000000074505806}