{"movement_speed":70.0,"camera_position":{"x":-82.86653900146485,"y":56.25575256347656,"z":-75.59712982177735},"camera_rotation":{"x":-17.950000762939454,"y":-52.34991455078125,"z":0.0},"movement_speed_slow_multiplier":0.05000000074505806}